{
  "timestamp": "2026-07-15_191135",
  "calibration_version": 2,
  "actual_corner_order": [
    "a1",
    "a8",
    "h8",
    "h1"
  ],
  "actual_corners_px": {
    "a1": [
      1033,
      522
    ],
    "a8": [
      1183,
      915
    ],
    "h8": [
      403,
      1003
    ],
    "h1": [
      544,
      550
    ]
  },
  "camera_natural_orientation": {
    "order": {
      "tl": "h1",
      "tr": "a1",
      "br": "a8",
      "bl": "h8"
    },
    "score": 8,
    "all_scores": [
      {
        "order": [
          "h1",
          "a1",
          "a8",
          "h8"
        ],
        "score": 8
      },
      {
        "order": [
          "a1",
          "a8",
          "h8",
          "h1"
        ],
        "score": 5
      },
      {
        "order": [
          "h8",
          "h1",
          "a1",
          "a8"
        ],
        "score": 3
      },
      {
        "order": [
          "a8",
          "h8",
          "h1",
          "a1"
        ],
        "score": 0
      }
    ],
    "ambiguous": false
  },
  "extended_corner_order": [
    "a1",
    "a8",
    "h8",
    "h1"
  ],
  "extended_corners_px": {
    "a1": [
      1041,
      426
    ],
    "a8": [
      1223,
      768
    ],
    "h8": [
      340,
      856
    ],
    "h1": [
      523,
      458
    ]
  },
  "extended_center_px": [
    799,
    587
  ],
  "center_measured": true,
  "center_px": [
    802.74609375,
    697.7970581054688
  ],
  "camera_intrinsics": {
    "K": [
      [
        1116.0077607766339,
        0.0,
        952.9380299133505
      ],
      [
        0.0,
        930.5966024094865,
        553.4683215806498
      ],
      [
        0.0,
        0.0,
        1.0
      ]
    ],
    "D": [
      -1.4652320301298614,
      0.6542714131667414,
      0.012147809271745049,
      -0.002677286460143648,
      0.3035939941825349,
      -1.4300809080461876,
      0.570024082887235,
      0.3567299243352951,
      0.003057363348400015,
      0.0003357614008682464,
      -0.009897126394310923,
      -0.002050919484589521
    ],
    "image_size": [
      1920,
      1080
    ]
  }
}